aboard,1
about,10
abroad,1
absolutely,1
access,2
accidentally,1
according,3
active,1
actress,1
ad,4
Add,5
after,4
afternoon,3
against,2
agree,1
ahead,1
air,1
airliner,1
Airlines,2
alarms,1
alerts,1
Alex,1
all,4
along,1
also,4
an,10
analysis,1
and,58
Anderson,1
Andrew,4
angered,1
announce,1
Any,1
anyone,1
anytime,2
anywhere,2
api,1
appear,1
April,1
are,11
Area,1
arrested,1
arrive,1
as,3
Asia,1
asked,1
asking,1
asks,1
assassination,1
async,3
at,11
atheist,1
attacks,1
Attempt,2
attempts,2
Attorney,3
attorney's,1
Australia's,1
available,1
away,1
baby,1
baby's,1
back,2
Barbara,2
Barrier,2
base64,4
be,14
beaten,1
beatings,1
because,1
become,1
becoming,1
been,7
before,1
behavior,1
being,1
believe,1
beloved,1
below,2
Bennett,1
best,2
better,1
between,1
Big,3
Billboards,2
Biz,1
black,1
blue,1
board,1
Borodin,1
bounty,1
boy,2
Breaking,7
brief,1
bring,1
brings,1
Broadcasting,1
browser,3
Bush,2
business,1
but,4
buzz,1
BuzzFeed,1
by,8
CA,1
cabin,1
California,1
call,2
called,2
calling,1
calm,1
campaign,1
can,4
candor',1
candy,1
capTopics,2
capture,1
captured,1
cars,1
case,1
catch,6
caught,1
caused,3
causing,3
CEO,2
Change,1
channeling,1
chaos,1
charged,1
charges,1
check,1
child,1
children,1
choosing,1
Chris,1
CIA,1
Cillizza,1
city,1
Clark's,2
classes,1
Click,2
Clinton,1
CNN,14
CNN?s,1
CNNgo,2
CNNI,2
cnnlabs,1
CNNMoney,1
CNN's,4
Coachella,1
Cohen,3
Colbert,1
cold,1
combat,1
Comey,1
comments,1
community,1
company,2
compares,1
complete,1
condition,1
connection,1
consequences,1
consoled,1
contact,2
continued,1
Cooper,1
corals,1
cotton,1
could,7
country,2
County,1
course,1
courts,1
cover,1
crashing,1
criminal,2
crippled,1
Cruz,2
Cruz's,3
current,4
custom,2
cuts,1
d,1
d88P,2
daily,4
date,1
day,2
deadly,2
death,2
debut,1
decimated,1
Deep,1
deeply,1
defamation,2
delivering,1
demand,1
DeNiro's,1
denuclearization,2
deny,2
Department,1
Department's,1
Deputy,3
describes,1
desert,1
detected,2
developed,1
didn't,1
Director,6
disclosure,1
discussing,1
distinct,1
do,1
doc,1
document,2
does,3
domestic,4
Don,1
Donald,5
Don't,1
dossier,1
DOT,1
doubled,1
Douglas,1
downed,1
drag,2
driving,1
drop,1
dropped,1
drops,2
Duckworth,1
Duckworth's,1
during,5
Dylan,1
e,3
each,1
Ebbing,1
economic,2
edition,5
Edition<span,2
Editor,1
electric,2
Elementary,1
else,6
email,2
emergency,1
emotional,2
emotionally,1
encountered,2
engine,1
enter,1
entertainment,4
enzyme,2
error,4
event,1
events,1
ever,1
every,3
everybody?s,1
exceeded,2
exchange,1
exclusive,1
exhibiting,1
experience,2
expires,2
explains,1
exploding,1
Explorer,2
explosion,1
f,2
face,1
Facebook,1
facial,1
familiar,1
Fareed,1
fashion,1
faster,1
fatal,1
father,4
Fault,2
FAVE,2
favorite,3
FBI,3
FBI's,1
feature,1
feet,1
Ferrari,2
festival,1
fiancee,1
fighter,2
filed,1
Find,2
firefighter,1
firing,1
First,2
flared,1
flight,3
flip,1
floated,1
floor,2
flying,1
for,25
forced,1
forces,1
former,4
found,2
Foundation,1
Francis,1
frankly,1
fraternity,2
fresh,1
from,12
function,11
Fusion,1
general,2
George,1
get,5
gets,1
giant,1
give,1
Global,8
globetrotting,1
go,2
God,1
going,2
Goldberg,1
GOP,1
got,1
GPS,1
great,3
grievances,1
grieving,1
grim,1
gt,1
guessed,1
guide,1
guiding,1
had,1
happen,1
happened,1
happening,2
has,13
hate,1
have,8
Hayward,1
he,5
headaches,1
headlines,1
health,6
hearing,1
heat,1
he'd,1
helped,1
her,5
Here,2
him,2
his,8
hits,1
hoax,1
Hollywood,1
home,3
homepage,3
Hook,2
hope,1
horrified,1
horror,1
host,1
hosts,1
how,3
html><html,1
https,1
Hunter,1
Hurst,2
husband,1
husband's,1
i,6
ideas,1
IE,3
if,15
important,2
in,49
incidents,1
include,2
incumbent,1
Indiana,1
indicated,1
Indio,1
infamous,1
info,1
inside,1
insights,1
inspector,1
inspired,1
instanceof,1
intel,1
intelligence,2
interest,1
internationally,1
Internet,2
intl_homepage,4
into,5
invest,1
investigative,1
involving,1
is,19
ISIS's,1
it,9
its,1
It's,2
Jake,2
James,2
Jan,3
Jay,1
Jimmy,1
Joe,1
John,1
Johnson,1
joke,1
Jones,1
Jong,1
journal,1
jQuery,1
just,3
Justice,1
Kate,1
keep,1
Kevin,1
key,2
kill,1
killed,1
killing,3
Kim,1
Kimmel,1
know,2
knowing,1
Korea,3
Korean,2
Large,1
largest,1
last,1
late,1
Latest,9
lawsuits,1
lawyer,1
Lead,1
leader,1
left,1
legitimacy,1
Lemon,1
letter,1
liar,1
like,3
lines,1
live,3
loaded,1
longer,2
look,2
looked,1
lot,1
lots,2
love,2
lte,2
lunch,1
Maile,1
major,3
make,3
man,1
Manganiello,1
Marjory,1
Mark,1
market,1
markets,4
marking,1
mask,1
masks,1
Maxim,1
maximum,2
may,3
McCabe,2
Me,1
mean?,1
Media,3
meeting,1
meets,2
members,1
Metz,1
Michael,2
might,2
Mike,1
milliseconds,2
minutes,1
miss,2
mobile,1
moment,1
moments,1
Money,1
Moon,2
more,2
morning,1
most,4
movers,1
moving,1
murdered,1
muscle,1
music,1
must,2
my,1
n,2
National,1
Navy,3
need,2
never,1
new,6
News,21
newsletter,4
newsletters,1
night,1
no,3
Noah,1
Nor,1
North,1
not,5
Now,2
null,1
o,1
Oakland,1
OB_ADV_ID,2
obApi('track',1
observe,1
ode,1
of,47
off,2
offer,1
office,3
often,1
OK,2
on,26
once,1
one,6
one's,1
online,1
open,1
opened,1
operate,1
opinions,4
or,4
organized,1
OS,1
our,2
Out,3
outfit,1
Outside,1
over,3
over?,1
overdue,1
overrun,1
oxygen,2
packing,1
page,1
parent,1
parents,1
Paris,1
part,1
participants,1
participating,1
particular,1
partnership,2
passed,1
passenger,2
past,1
pattern,1
pay,2
people,4
per,1
perennial,1
persists,2
personal,1
perspective,1
Phone,1
picture,1
Pierce,1
pierced,1
pilot,2
plain,1
plane,3
playback,1
player,2
Please,3
Police,3
political,1
politicians,1
politics,9
poll,2
pollution,1
Pompeo,1
pop,2
pope,2
possibility,1
posted,1
potential,1
PR,1
praised,1
PreferredEdition,1
President,8
preview,2
Prince's,2
problems,1
prod,2
product,1
production,1
professionals,2
propaganda,1
provider,2
proximicValues,2
Public,3
publication,1
publicity,1
published,1
pull,1
pulled,1
Quest,1
questions,1
quiet,1
Quinnipiac,1
Quite,1
r,2
race,1
raised,1
rape,1
reads,1
ready,1
receive,1
recent,1
recommend,1
Reef,2
referral,1
regarding,2
remains,1
renowned,1
rents,1
Reporter,2
reporter's,1
reports,1
Republican,1
Reputation,1
request,1
Research,1
responding,1
restaurants,1
resume,2
rewriting,1
Richard,1
right,1
ritual,1
roasts,1
role,1
running,2
Russian,1
s,5
said,1
Sally,1
Samantha,1
same,1
sandwich,1
Sandy,2
says,1
scene,2
scheduled,1
school,4
Schwarz,1
scoop,1
script,3
scriptElement,1
search,1
Seattle,1
second,1
secret,1
section,1
see,2
Select,1
Senate,2
Send,1
Sends,1
Senior,1
sensitive,1
sent,2
Sep,1
separate,1
serial,1
series,1
Service,7
serving,1
setRefDom(win,1
setting,1
sexually,1
she,1
shooting,2
shopping,1
should,2
showing,1
shows,5
shrapnel,1
side,1
Signing,1
silence,1
Silicon,1
site,1
situation,1
skip,2
slips,1
snapshot,1
so,2
Sofia,2
sorry,1
soul,1
source,1
South,2
Southwest,4
speculation,1
speed,1
spin,1
spoke,1
Square,1
stage,1
start,1
States,1
stay,1
steel',1
step,1
Stephen,1
Stephon,1
still,1
stock,1
Stoneman,1
stop,1
stories,2
storytelling,1
straight,1
stream,2
strict',1
String||void,1
students,1
Studio,1
study,1
style,1
subscription,2
successfully,1
suddenly,1
sue,1
sued,1
suggested,2
suits,1
summer,1
Sunday,1
supported,1
surfaced,1
surrounds,1
survivors,1
suspended,2
SUV,1
system,3
t,1
tag,2
take,1
taken,1
takes,1
taking,1
talking,2
talks,1
Tammy,1
Tapper,1
team,1
tech,2
Ted,3
tells,1
terrifying,1
Texas,3
than,2
that,17
the,94
their,3
them,2
they,2
Think,1
this,6
thought,1
three,1
through,3
throwing,1
Thursday,2
tight,1
time,1
timeout,2
to,59
today,4
today's,2
told,3
took,1
top,1
topics,1
torture,1
tortured,1
tour,1
town,1
tragedy,1
tragic,2
transplant,1
travel,1
trends,1
Trevor,1
Trump,8
Trump's,5
try,1
trying,2
Tuesday,1
tumbleweeds,2
turn,2
TV,13
tweets,6
two,1
twq('init',1
twq('track',1
typeof,1
Un,1
unattractive,1
Underscored,1
understand,1
United,2
University,1
university's,1
unsolved,1
up,4
update,1
upgrade,1
upset,1
us,8
used,1
using,3
vacation,1
validated,1
Valley,1
var,2
ve,2
Vergara,2
version,2
VI],1
victim,1
victims,1
video,7
videographers,1
videos,3
view,1
visit,1
visiting,1
vr,2
w[u],4
walk,1
Walkout,1
war,2
warming,2
warn,1
was,7
Washington,2
Watch,3
watching,2
waves,1
we,5
weather,3
Wednesday,3
week,1
weekday,1
weekend,1
weighed,1
weird,1
we'll,2
went,2
were,1
what,4
what?s,1
what's,1
when,3
where,2
whether,2
who,6
whose,1
why,5
wife,2
will,7
win,1
win[edition],2
window,1
Windows,1
with,16
withdraw,1
woman,1
women,1
words,1
wore,1
world,10
worlds,1
world's,4
worrying,1
worst,1
would,1
wouldn't,1
wrong,1
years,2
York,1
you,16
You?ll,1
young,1
your,22
yourself,1
Zakaria,1
zone,1
